Year,ratio_15_59
2015,62.3
2016,61.8
2017,61.199999999999996
2018,60.6
2019,60.0
2020,59.3
2021,58.8
2022,58.199999999999996
2023,57.9
